Title,Company,Posted on,Location,Experience,Skills
Python Developer,SYNECHRON,2025-08-24,Bengaluru,1-6 Years,"python core programming, data manipulation libraries, database interaction, web framework development, multithreading concepts, information technology, software requirements, sql, database management, shell scripting, rest, gtp, django"
PYTHON Developer,INFINITY GROUP,2025-08-26,Noida,2-5 Years,"python, css, django, html, bootstrap"
Python Developer,IQVIA,2025-08-25,Bengaluru,2-4 Years,"python programming, aws lambda, ci/cd processes, azure services, team player"
Python Developer,SEVEN CONSULTANCY,2025-08-25,Chennai,1-4 Years,"rest, python, oracle, sybase, bi, storage, javascript, nosql, sql, python scripting, java, xml, linux, mysql, unix"
Python Developer,Ctd Techs Private Limited,2025-08-21,Chennai,3-5 Years,"html5, storage, artificial intelligence, security, testing tools, debugging, python, javascript, django"
Python Developer,Drawsera,2025-08-21,Mumbai,1-5 Years,"css, ajax, jquery, sql, database, postgresql, mysql, html, mvc, python, javascript, django"
Python Developer,CONNECTING 2 WORK,2025-08-21,Thiruvananthapuram,5-10 Years,"python, storage, django, testing tools, debugging"
PYTHON DEVELOPER,CONNECTING 2 WORK,2025-08-21,Bengaluru,5-8 Years,"python, css, github, hosting, bug fixing, bootstrap, javascript, jquery, django, heroku, json, html, api"
Python Developer,cloudxlab,2025-08-21,Bengaluru,0-3 Years,"css, html5, jquery, git, linux, html, mysql, rest, python, github, problem solving, javascript, django, web hosting"
Python Developer,CONNECTING 2 WORK,2025-08-21,Thiruvananthapuram,5-6 Years,"python, css, bug fixing, bootstrap, javascript, jquery, django, debugging, html, api"
Python Developer,FINITE HR CONSUTING PVT LTD,2025-08-21,Hyderabad,4-7 Years,"python, github, mobile, problem solving, team player, ruby, java, cassandra, php"
Python Developer,Mind Digital Group,2025-08-21,Delhi,2-5 Years,"algorithms, css, bootstrap, git, linux, html, shell scripting, data structures, pl/sql, solaris, python, rdbms, svn, javascript, django, php, unix/linux, unix"
Python Developer,CONNECTING 2 WORK,2025-08-21,Cochin,0-3 Years,"security compliance, python, html5, mobile, javascript, database, django, debugging"
Python Developer,HARMAN INTERNATIONAL,2025-08-21,Bengaluru,3-6 Years,"python programming, django framework, database management, api development, testing frameworks, docker, git, debugging, rest, cloud services"
Python Developer,speqto technologies pvt ltd,2025-08-23,Noida,2-3 Years,"c, python, github, c, rest api, database, postgresql, debugging, data structures"
Python developer,AxisTechnolabs,2025-08-20,Ahmedabad,1-4 Years,"python, django, html5, team player, angularjs, javascript"
Python - Odoo,AxisTechnolabs,2025-08-20,Ahmedabad,0-1 Years,"python, django, html5, api, jquery"
Python Developer,3RI Technologies Pvt Ltd,2025-08-20,Pune,0-1 Years,"python, database, security, django, git, mobile"
PYTHON DEVELOPERS,3Embed Software Technologies,2025-08-20,Bengaluru,1-3 Years,"python, django, rest api, operating system, mysql, data structures, hadoop, mvc, mongodb"
Python Lead,sacumen,2025-08-20,Bengaluru,6-8 Years,"html5, sql, docker, elastic search, security, database, git, devops, linux, debugging, rest, python, github, os, machine learning, javascript, django"
Python Developer,"pegasus knowledge solutions india pvt ltd.,",2025-08-20,Bengaluru,0-3 Years,"python, css, django, java, html, bootstrap, api, jquery, sql"
Python Developer,PNR Software Solutions Private Limited,2025-08-20,Hyderabad,3-6 Years,"python, github, telecom bss, django, devops, linux, debugging, telecom, api, unix"
Python Developer,Wing Global IT Services,2025-08-20,Panchkula,2-5 Years,"spring boot, python, java, django, jpa, hibernate"
Python Developer,v support solutions,2025-08-20,Chennai,2-5 Years,"rest, python, natural language processing, django, debugging, mysql, software developer, mongodb, soap"
Python Developer,Bright Vision Technologies,2025-08-22,Bengaluru,1-5 Years,"python programming, software development, database management, web technologies, problem solving, css, sql, git, debugging, html, software engineering, javascript, django, it professional"
